suburb,avg_purchase_price,median_purchase_price,sale_listings,avg_monthly_rent,median_monthly_rent,rental_listings,gross_yield_pct_est
Albertville,519333.3333333333,500000.0,3.0,,,,
Alveda,742500.0,742500.0,2.0,8000.0,8000.0,1.0,12.93
Aspen Hills,5797000.0,5797000.0,2.0,,,,
Atholl,8824250.0,8149500.0,4.0,6430.0,6160.0,3.0,0.87
Auckland Park,1333333.3333333333,510000.0,3.0,6080.0,6000.0,5.0,5.47
Barbeque Downs,1524500.0,1524500.0,4.0,15500.0,12500.0,5.0,12.2
Bassonia,2616666.6666666665,2900000.0,3.0,,,,
Bedford Gardens,3439833.3333333335,2920000.0,6.0,15500.0,15500.0,2.0,5.41
Bedfordview,4412500.0,5175000.0,4.0,21975.8064516129,24000.0,31.0,5.98
Benmore Gardens,,,,56083.333333333336,75000.0,6.0,
Berea,300000.0,300000.0,1.0,4220.142857142857,4290.0,7.0,16.88
Bergbron,2649000.0,2649000.0,1.0,,,,
Beverley,2344777.777777778,1490000.0,9.0,19606.25,14425.0,8.0,10.03
Bezuidenhout Valley,,,,6591.666666666667,6850.0,6.0,
Blackheath,837500.0,837500.0,2.0,8750.0,8750.0,2.0,12.54
Blair Atholl Estate,11750000.0,11750000.0,1.0,,,,
Blairgowrie,2900000.0,2750000.0,3.0,18583.333333333332,16750.0,6.0,7.69
Bloubosrand,744500.0,744500.0,2.0,,,,
Blue Hills,8141571.428571428,4192500.0,14.0,20914.14285714286,25000.0,7.0,3.08
Bordeaux,1925000.0,1925000.0,2.0,30000.0,30000.0,1.0,18.7
Boskruin,3775000.0,3775000.0,2.0,13000.0,13000.0,1.0,4.13
Bosmont,940000.0,940000.0,2.0,,,,
Braamfontein,1180000.0,1180000.0,2.0,5541.666666666667,5825.0,12.0,5.64
Bram Fisherville,726333.0,700000.0,3.0,2500.0,2500.0,1.0,4.13
Bramley,,,,10037.0,6565.0,10.0,
Bramley Park,995000.0,995000.0,1.0,12500.0,12500.0,1.0,15.08
Bramley View,,,,10000.0,10000.0,1.0,
Brixton,1224999.5,1224999.5,2.0,3933.3333333333335,3500.0,3.0,3.85
Broadacres,1992666.6666666667,2325000.0,9.0,18899.9,17000.0,10.0,11.38
Bromhof,920000.0,920000.0,2.0,6500.0,6500.0,1.0,8.48
Bruma,700000.0,700000.0,1.0,5100.0,5100.0,1.0,8.74
Bryanston,5354204.318181818,3299000.0,44.0,27872.90322580645,21000.0,31.0,6.25
Buccleuch,780000.0,780000.0,1.0,6375.0,6375.0,2.0,9.81
Carlswald,2103725.0,2090000.0,4.0,10050.0,8600.0,4.0,5.73
Carlswald Estate,1675570.642857143,1360000.0,14.0,11670.833333333334,9600.0,12.0,8.36
Carlswald North Estate,4899000.0,4899000.0,1.0,7400.0,7400.0,1.0,1.81
Cedar Creek,5900000.0,5900000.0,1.0,35000.0,35000.0,1.0,7.12
Cedar Lakes,3152201.5,3152201.5,2.0,47500.0,47500.0,1.0,18.08
Chartwell,4314331.5,2029000.0,6.0,18860.0,19500.0,5.0,5.25
Chiawelo,,,,6000.0,6000.0,1.0,
City And Suburban Maboneng,580000.0,580000.0,1.0,4480.0,4635.0,4.0,9.27
Clayville,1151799.8,950000.0,5.0,10779.166666666666,8000.0,12.0,11.23
Corlett Gardens,935000.0,935000.0,1.0,6250.0,6250.0,2.0,8.02
Coronationville,,,,6650.0,6650.0,1.0,
Cosmo City,1542181.8181818181,1680000.0,11.0,6750.0,6500.0,6.0,5.25
Country View,,,,8175.0,8950.0,4.0,
Craigavon,2531888.888888889,2600000.0,9.0,21857.14285714286,21000.0,7.0,10.36
Craighall,895000.0,895000.0,1.0,11000.0,11000.0,2.0,14.75
Craighall Park,,,,18666.666666666668,23000.0,3.0,
Crosby,1800000.0,1800000.0,1.0,,,,
Crown Gardens,,,,12000.0,12000.0,1.0,
Crowthorne,1982500.0,1982500.0,2.0,11500.0,9000.0,3.0,6.96
Cyrildene,,,,16000.0,16000.0,1.0,
Dainfern,9645912.875,9425000.0,8.0,42142.857142857145,42000.0,35.0,5.24
Dainfern Ridge,,,,35000.0,35000.0,4.0,
Dainfern Valley,18992500.0,18992500.0,2.0,54500.0,55000.0,8.0,3.44
Darrenwood,912500.0,912500.0,2.0,,,,
Devland,1166000.0,649000.0,3.0,,,,
Diepkloof,677283.3333333334,670150.0,6.0,,,,
Dobsonville,730000.0,730000.0,1.0,,,,
Douglasdale,1305658.3333333333,1047000.0,12.0,9425.0,7950.0,4.0,8.66
Dunkeld,4400000.0,4400000.0,1.0,,,,
Dunkeld West,2499900.0,2499900.0,1.0,,,,
Ebony Park,550000.0,550000.0,2.0,4750.0,5000.0,4.0,10.36
Edenburg,3049750.0,3049750.0,2.0,12500.0,12500.0,1.0,4.92
Elandspark,945000.0,945000.0,2.0,,,,
Eldorado Park,723166.5,749500.0,6.0,,,,
Emmarentia,2199000.0,2199000.0,1.0,20000.0,20000.0,1.0,10.91
Ennerdale,644624.75,649499.5,8.0,,,,
Erand Gardens,1077374.875,772000.0,8.0,7600.0,6500.0,4.0,8.47
Essexwold,3950000.0,3950000.0,1.0,,,,
Eye Of Africa,4797500.0,4797500.0,2.0,13575.0,13575.0,2.0,3.4
Fairland,3716000.0,3199000.0,3.0,9550.0,9550.0,2.0,3.08
Ferndale,892718.6571428571,689999.0,35.0,10869.4,7450.0,25.0,14.61
Florida Glen,1445000.0,1445000.0,2.0,22000.0,22000.0,1.0,18.27
Fontainebleau,,,,8000.0,8000.0,1.0,
Forest Hill,,,,5400.0,5500.0,3.0,
Fourways,2245541.6666666665,1547500.0,24.0,24285.714285714286,25000.0,28.0,12.98
Fourways Gardens,10995000.0,10995000.0,1.0,56000.0,50000.0,5.0,6.11
Gallo Manor,3075000.0,3075000.0,2.0,39000.0,39000.0,1.0,15.22
Gillview,,,,12500.0,12500.0,1.0,
Glen Austin,1713211.25,1147900.0,8.0,7433.333333333333,6550.0,6.0,5.21
Glenanda,1655000.0,1677500.0,4.0,,,,
Glenferness Ah,4999000.0,4999000.0,1.0,,,,
Glenhazel,,,,18000.0,18000.0,1.0,
Glenvista,2880750.0,2724500.0,4.0,23250.0,23250.0,2.0,9.68
Grand Central,820000.0,820000.0,1.0,8979.8,7600.0,5.0,13.14
Greenside,4497500.0,4497500.0,2.0,15750.0,15750.0,2.0,4.2
Haddon,,,,3700.0,3700.0,1.0,
Halfway Gardens,1921833.3333333333,2140000.0,6.0,14445.454545454546,13000.0,11.0,9.02
Halfway House,2510545.0,2510545.0,2.0,15283.333333333334,8950.0,3.0,7.31
Helderfontein Estate,11747500.0,11747500.0,2.0,70000.0,67500.0,4.0,7.15
Highlands North,1599000.0,1599000.0,1.0,14000.0,14000.0,1.0,10.51
Hillbrow,,,,4390.25,4635.0,4.0,
Houghton Estate,2341666.6666666665,3000000.0,3.0,43416.666666666664,47500.0,6.0,22.25
Hurlingham,7039999.8,8500000.0,5.0,50000.0,55000.0,3.0,8.52
Hurlingham Manor,3290000.0,3290000.0,1.0,35375.0,30750.0,4.0,12.9
Hyde Park,7399960.0,3500000.0,5.0,62818.181818181816,52500.0,22.0,10.19
Illovo,1161166.6666666667,1100000.0,3.0,8625.0,8825.0,8.0,8.91
Jabulani,588725.0,572450.0,4.0,4650.0,4650.0,1.0,9.48
Jackal Creek Northriding,1139889.4736842106,760000.0,19.0,14500.0,18000.0,3.0,15.26
Jeppestown,750000.0,750000.0,1.0,4315.0,4200.0,3.0,6.9
Johannesburg Cbd,538333.3333333334,700000.0,3.0,4085.5714285714284,3700.0,28.0,9.11
Johannesburg North,,,,18500.0,18500.0,1.0,
Jukskei Park,2025000.0,2025000.0,2.0,16583.333333333332,15750.0,6.0,9.83
Jukskei View,,,,12333.333333333334,15000.0,3.0,
Kelvin,,,,22807.14285714286,25000.0,7.0,
Kengies,,,,18999.5,18999.5,2.0,
Kenilworth,699000.0,699000.0,1.0,,,,
Kensington,1200999.8,1300000.0,5.0,10670.833333333334,11000.0,12.0,10.66
Kensington B,550000.0,550000.0,1.0,6400.0,6400.0,1.0,13.96
Khyber Rock,6847500.0,6847500.0,2.0,,,,
Kibler Park,682110.0,690000.0,5.0,12650.0,9100.0,8.0,22.25
Killarney,1599999.5,1599999.5,2.0,13500.0,13500.0,1.0,10.13
Kya Sands,1491666.6666666667,1595000.0,3.0,7100.0,7100.0,2.0,5.71
Kyalami,5241112.363636363,3499000.0,11.0,19017.647058823528,15200.0,17.0,4.35
Kyalami Ah,18349750.0,18499500.0,4.0,17841.666666666668,16500.0,12.0,1.17
Kyalami Estate,,,,43750.0,43750.0,2.0,
Kyalami Hills,2722500.0,2722500.0,2.0,14833.333333333334,13000.0,3.0,6.54
Lanseria And Surrounds,3783000.0,4800000.0,3.0,11100.0,14000.0,3.0,3.52
Lawley,368000.0,399000.0,4.0,4500.0,4500.0,1.0,14.67
Lenasia,1286111.111111111,730000.0,9.0,5250.0,5250.0,2.0,4.9
Lenasia South,1036333.2222222222,749000.0,9.0,,,,
Liefde En Vrede,2750000.0,2750000.0,1.0,,,,
Linbro Park,961142.8571428572,790000.0,7.0,11190.0,12250.0,5.0,13.97
Linden,3240666.6666666665,2737000.0,6.0,15800.0,15800.0,2.0,5.85
Linksfield,8950000.0,8950000.0,1.0,43625.0,40000.0,4.0,5.85
Linmeyer,650000.0,650000.0,1.0,11500.0,11500.0,1.0,21.23
Lombardy East,,,,12100.0,12000.0,3.0,
Lonehill,2117923.0384615385,1924500.0,26.0,23966.666666666668,21500.0,12.0,13.58
Lyndhurst,1624500.0,1624500.0,2.0,13250.0,13250.0,2.0,9.79
Magaliessig,1904450.0,1904450.0,2.0,25000.0,25000.0,1.0,15.75
Malanshof,675000.0,675000.0,1.0,14000.0,14000.0,1.0,24.89
Maroeladal,3200000.0,3200000.0,1.0,36000.0,36000.0,1.0,13.5
Marshalltown,555000.0,555000.0,2.0,4630.263157894737,4700.0,19.0,10.01
Meadowlands,749000.0,749000.0,2.0,6500.0,6500.0,1.0,10.41
Melrose,2433333.3333333335,2220000.0,3.0,,,,
Melrose Arch,3762497.5,3762497.5,2.0,37000.0,37000.0,1.0,11.8
Melrose Estate,19750000.0,19750000.0,1.0,,,,
Melrose North,,,,36000.0,36000.0,1.0,
Melville,1945000.0,1945000.0,2.0,12903.333333333334,14245.0,6.0,7.96
Meredale,,,,7200.0,7200.0,1.0,
Moffat View,750000.0,750000.0,1.0,,,,
Mondeor,682499.75,684999.5,4.0,13840.0,13400.0,5.0,24.33
Montgomery Park,1862000.0,2149500.0,4.0,10350.0,10350.0,2.0,6.67
Morninghill,,,,17950.0,17950.0,2.0,
Morningside,3338714.6,2099500.0,30.0,35453.125,25500.0,32.0,12.74
Morningside Manor,5749500.0,5749500.0,2.0,,,,
Mulbarton,690000.0,690000.0,1.0,11200.0,11200.0,1.0,19.48
Naledi,705000.0,705000.0,2.0,,,,
Naturena,988625.0,735000.0,8.0,10166.666666666666,6500.0,3.0,12.34
New Doornfontein,,,,2950.0,2950.0,2.0,
Newlands,905666.6666666666,899000.0,3.0,,,,
Newtown,650000.0,650000.0,1.0,,,,
Nooitgedacht,1549628.642857143,1631489.0,14.0,25000.0,25000.0,1.0,19.36
Noordhang,894454.5454545454,749000.0,11.0,9500.0,9500.0,1.0,12.75
Noordwyk,1008102.380952381,900000.0,21.0,11118.225806451614,9500.0,31.0,13.23
Norscot,,,,11500.0,11500.0,1.0,
North Riding,1169473.6842105263,999000.0,19.0,14642.76923076923,8990.0,13.0,15.02
Northcliff,5941555.5,4645000.0,18.0,10483.333333333334,12000.0,3.0,2.12
Northgate,580000.0,540000.0,3.0,10600.0,9000.0,3.0,21.93
Northwold,950000.0,950000.0,1.0,8500.0,8500.0,1.0,10.74
Norwood,2450000.0,2450000.0,1.0,12500.0,12500.0,2.0,6.12
Oakdene,1850052.5,1850052.5,2.0,5300.0,5300.0,1.0,3.44
Oaklands,,,,8556.666666666666,8590.0,3.0,
Observatory,2055000.0,2055000.0,2.0,6250.0,6250.0,2.0,3.65
Olifantsfontein,,,,36000.0,48000.0,3.0,
Olivedale,1183725.0,1312450.0,4.0,25050.0,28000.0,5.0,25.39
Orange Grove,1250000.0,1250000.0,1.0,,,,
Orchards,1150000.0,1150000.0,1.0,,,,
Orlando,906050.0,760000.0,3.0,2200.0,2200.0,1.0,2.91
Ormonde,740000.0,740000.0,2.0,9745.454545454546,8500.0,11.0,15.8
Parkhurst,3774500.0,3774500.0,2.0,26500.0,26500.0,2.0,8.42
Parkmore,1932250.0,1490000.0,4.0,26203.846153846152,29500.0,13.0,16.27
Parktown,4900000.0,4900000.0,1.0,7190.0,7190.0,1.0,1.76
Parktown North,1290000.0,1290000.0,1.0,7500.0,7500.0,1.0,6.98
Parkview,,,,21500.0,21500.0,2.0,
Parkwood,1399000.0,1399000.0,1.0,,,,
Paulshof,1337521.6956521738,949999.0,23.0,14399.857142857143,8000.0,7.0,12.92
Petervale,2750000.0,2750000.0,2.0,,,,
Pimville,911050.0,850000.0,3.0,6114.285714285715,6700.0,7.0,8.05
Pineslopes,,,,9300.0,9300.0,1.0,
President Park,1225000.0,1225000.0,2.0,,,,
Protea Glen,849621.9565217391,765000.0,46.0,4961.538461538462,5000.0,13.0,7.01
Protea North,795000.0,795000.0,2.0,3000.0,3000.0,1.0,4.53
Quellerina,3019250.0,2439500.0,4.0,20000.0,20000.0,2.0,7.95
Randpark,3999000.0,3999000.0,1.0,20500.0,20500.0,1.0,6.15
Randpark Ridge,1349666.6666666667,830000.0,3.0,15166.666666666666,17000.0,3.0,13.48
Regents Park,730000.0,730000.0,1.0,,,,
Rembrandt Park,,,,6160.0,6000.0,3.0,
Ridgeway,1322500.0,1322500.0,2.0,25000.0,25000.0,1.0,22.68
River Club,6149999.333333333,3999999.0,3.0,35000.0,35000.0,1.0,6.83
Riverlea,818200.0,730000.0,10.0,10000.0,10000.0,1.0,14.67
Riverside View,530000.0,530000.0,1.0,8000.0,8000.0,1.0,18.11
Rivonia,1551914.2857142857,1421900.0,7.0,17036.25,10322.5,4.0,13.17
Robertsham,1475000.0,1475000.0,1.0,8100.0,8100.0,2.0,6.59
Robin Hills,,,,21000.0,21000.0,1.0,
Robindale,1390000.0,1390000.0,2.0,,,,
Roosevelt Park,2965000.0,2995000.0,3.0,13849.0,13849.0,2.0,5.6
Rosebank,2547153.846153846,2410000.0,13.0,18570.833333333332,20000.0,12.0,8.75
Rosettenville,667545.4545454546,730000.0,11.0,4647.5,4495.0,4.0,8.35
Saddlebrook Estate,12066333.333333334,12999000.0,3.0,,,,
Sagewood,917714.1428571428,765000.0,7.0,7466.666666666667,7500.0,3.0,9.76
Sandhurst,3700000.0,1050000.0,3.0,93375.0,75000.0,4.0,30.28
Sandown,5280727.2727272725,2099000.0,11.0,26630.666666666668,18000.0,15.0,6.05
Sandringham,1655000.0,1655000.0,1.0,23000.0,24000.0,3.0,16.68
Sandton Central,5922647.05882353,5500000.0,17.0,25916.666666666668,19750.0,6.0,5.25
Savoy Estate,2980000.0,2980000.0,1.0,23625.0,21500.0,4.0,9.51
Sharonlea,1810000.0,1810000.0,2.0,24500.0,24500.0,1.0,16.24
Sol Plaatjie,320000.0,320000.0,1.0,,,,
Sonneglans,715000.0,715000.0,2.0,,,,
Sophiatown,947000.0,1079000.0,4.0,,,,
South Hills,845443.2222222222,720000.0,9.0,6800.0,6800.0,2.0,9.65
Soweto Central,691800.0,749500.0,10.0,4300.0,4800.0,3.0,7.46
St Andrews,,,,36666.666666666664,35000.0,3.0,
Steyn City,21581666.666666668,19750000.0,3.0,120000.0,120000.0,1.0,6.67
Strathavon,,,,7482.0,7390.0,5.0,
Suideroord,1350000.0,1350000.0,1.0,14125.0,13250.0,4.0,12.56
Summerset,3444750.0,2824500.0,4.0,13487.25,12499.5,4.0,4.7
Sundowner,1218700.0,787500.0,10.0,22750.0,22750.0,2.0,22.4
Sunninghill,1229625.0,924500.0,8.0,9345.714285714286,7640.0,21.0,9.12
Sydenham,,,,15000.0,15000.0,3.0,
The Hill,1132499.5,1132499.5,2.0,5033.333333333333,4600.0,3.0,5.33
Tshepisong,1233150.0,1233150.0,1.0,,,,
Turffontein,894500.0,790000.0,4.0,6250.0,6250.0,2.0,8.38
Victory Park,3799000.0,3799000.0,1.0,18000.0,18000.0,1.0,5.69
Vorna Valley,1574615.3846153845,780000.0,13.0,8910.833333333334,8250.0,6.0,6.79
Waterfall Country Village,,,,63333.333333333336,67000.0,3.0,
Waterfall Estate,5934947.263157895,2800000.0,19.0,29514.814814814814,22000.0,27.0,5.97
Waverley,,,,13900.0,13900.0,2.0,
Wendywood,3700000.0,3700000.0,1.0,24500.0,24500.0,2.0,7.95
Westbury,600000.0,600000.0,1.0,6000.0,6000.0,1.0,12.0
Westdene,1500000.0,1500000.0,1.0,9000.90909090909,7400.0,11.0,7.2
Whiteridge,,,,12500.0,12500.0,1.0,
Willaway,2290000.0,2290000.0,1.0,27000.0,27000.0,1.0,14.15
Winchester Hills,1188333.3333333333,750000.0,3.0,8750.0,8750.0,2.0,8.84
Windsor East,434015.625,385000.0,8.0,,,,
Windsor West,620000.0,620000.0,2.0,6300.0,6300.0,1.0,12.19
Woodmead,6000000.0,6000000.0,1.0,25550.0,29450.0,8.0,5.11
Yeoville,450000.0,450000.0,1.0,5250.0,5250.0,2.0,14.0
Zakariyya Park,770000.0,770000.0,1.0,,,,
