feature,mean_abs_shap
num__fixed_cost_burden,0.2479215060322696
num__debt_service_headroom_win,0.20806696886089224
num__cash_flow_margin_win,0.037791139976223256
num__city_listing_density,1.4879733669644377e-19
cat__property_type_Apartment,8.605854744103691e-20
num__rates_to_rent_win,8.58317308407166e-20
cat__property_type_House,7.846913223363838e-20
cat__suburb_Lyndhurst,7.667501057223536e-20
num__rent_vs_suburb_median_missing_flag,7.170416242823404e-20
num__rent_vs_suburb_median_win_missing_flag,6.415615772047905e-20
num__rent_vs_suburb_type_bed_median_missing_flag,6.112189747387031e-20
num__garage,5.7974699500961e-20
num__price_per_bedroom_missing_flag,5.723683968913059e-20
num__bathroom_density_floor,5.706225678722429e-20
cat__city_Johannesburg South,5.2719330637107655e-20
num__rent_median_suburb_bed_missing_flag,4.9489311664911257e-20
num__parking_spaces,4.640987632778229e-20
cat__suburb_Soweto Central,4.437323266349528e-20
num__parking_per_bedroom_missing_flag,4.319491571909263e-20
num__price_vs_city_price_median_win,4.1127214180072965e-20
cat__suburb_Noordwyk,4.044488208367367e-20
num__rent_vs_suburb_internal_median,4.036617860565796e-20
cat__suburb_Rivonia,3.969831665544092e-20
num__floor_area_sqm,3.8508941225338006e-20
cat__suburb_Mondeor,3.842800252148926e-20
cat__city_Randburg,3.835365185167472e-20
num__property_type_density,3.8115894409119036e-20
num__bathrooms,3.713392440762853e-20
cat__suburb_Lawley,3.707510267518031e-20
cat__suburb_Bordeaux,3.700357544852328e-20
num__price_per_sqm_vs_local_median_missing_flag,3.604783993970468e-20
num__rent_per_sqm,3.5811729505657543e-20
num__levies_to_rent_win,3.4907168904068886e-20
cat__rent_estimation_source_suburb,3.443847733992151e-20
num__rent_median_suburb_missing_flag,3.3693088346337725e-20
cat__suburb_Ormonde,3.3576856603020053e-20
num__bond_payment,3.3382980172870735e-20
num__rent_mean_suburb_type_bed_missing_flag,3.252606517456513e-20
num__rent_dispersion_suburb_missing_flag,3.1871026362021806e-20
num__total_expenses,3.1542742273228316e-20
num__suburb_type_median_price_per_sqm,3.0864821806762636e-20
num__monthly_rent_to_price,3.069506228691709e-20
num__rent_estimate_high_evidence_flag,2.984567647036486e-20
num__rent_mean_suburb_bed_missing_flag,2.922075438483502e-20
num__rent_per_bedroom,2.9139815680986274e-20
num__price_per_sqm_missing_flag,2.9039583448894516e-20
cat__suburb_Carlswald Estate,2.724999106089001e-20
num__rent_median_city,2.680388704200275e-20
num__suburb_listing_density,2.6641068486586088e-20
cat__suburb_Darrenwood,2.6581776180278287e-20
cat__suburb_Morningside,2.6529071908004687e-20
cat__suburb_Kensington B,2.629754956908851e-20
cat__suburb_Turffontein,2.611731978086718e-20
num__rent_count_suburb_type_bed,2.5802505868804332e-20
cat__suburb_Johannesburg Cbd,2.5558160392214443e-20
num__bathroom_density_floor_missing_flag,2.5448163752536284e-20
num__maintenance_cost,2.4625188893853303e-20
cat__suburb_Bedford Gardens,2.4542779646693354e-20
num__land_area_sqm,2.4145615309203002e-20
num__is_family_sized_unit,2.1819568721270778e-20
num__rent_mean_suburb_missing_flag,2.1044063000673507e-20
cat__suburb_North Riding,2.0780541639305503e-20
cat__suburb_Parkmore,2.073019023632983e-20
num__opex_to_rent_win,2.0624781691782627e-20
num__rent_mean_suburb_type_bed,2.0312320649017707e-20
cat__suburb_Protea Glen,2.0002212475550717e-20
num__monthly_rent_to_price_win,1.9816335801014356e-20
num__non_debt_opex,1.9004595893228986e-20
cat__suburb_Broadacres,1.8906716530435155e-20
cat__suburb_Sandown,1.885448283202114e-20
cat__suburb_Vorna Valley,1.8010273327924354e-20
cat__suburb_Eldorado Park,1.7275236959251455e-20
cat__suburb_Mulbarton,1.6944423535962693e-20
num__loan_amount,1.6931718041753878e-20
cat__rent_estimation_source_suburb_bedrooms,1.6790075310018576e-20
num__bedrooms,1.565316886525947e-20
cat__suburb_Riverlea,1.551011441194541e-20
cat__suburb_Diepkloof,1.539058865161064e-20
cat__suburb_Paulshof,1.527670977759089e-20
cat__suburb_Waterfall Estate,1.5212711732687235e-20
num__price_per_sqm_vs_local_median,1.4366855220081897e-20
num__price_vs_suburb_price_median_win,1.4073922992489786e-20
num__rent_count_suburb_missing_flag,1.4026865606531213e-20
cat__city_Soweto,1.3620289791849148e-20
num__rent_count_suburb_bed,1.3507352065548577e-20
num__floor_to_land_ratio_missing_flag,1.3345474657851088e-20
cat__suburb_Melrose Arch,1.3253242181372286e-20
num__rent_estimate_low_evidence_flag,1.2889959161772109e-20
num__price_per_sqm,1.2560675103527e-20
cat__city_Lenasia To Ennerdale,1.255867516462376e-20
cat__suburb_Randpark Ridge,1.2532793602346545e-20
cat__suburb_Ferndale,1.2391150870611243e-20
cat__city_Rosebank And Parktown,1.1952576033477349e-20
num__suburb_price_median,1.1790463338850069e-20
cat__suburb_Ennerdale,1.1738464927365845e-20
cat__suburb_Lenasia South,1.1650938189482902e-20
cat__suburb_Kya Sands,1.15685877640554e-20
num__levies_to_rent,1.149047250336417e-20
num__rent_per_bathroom,1.1415239507562902e-20
cat__city_Northcliff,1.115260047218162e-20
num__price_per_sqm_vs_local_median_win_missing_flag,1.1046721353774833e-20
cat__suburb_Clayville,1.1013604718406489e-20
num__bedroom_density_floor_missing_flag,1.0667438822948742e-20
cat__city_Sandton,1.0601087908747155e-20
num__rates_taxes,9.979695127164208e-21
num__annual_rent_per_sqm,9.952695951970477e-21
cat__suburb_Blue Hills,9.945578522344244e-21
num__is_compact_unit,9.878286460423485e-21
num__price_per_land_sqm_missing_flag,9.735232007109426e-21
cat__suburb_Lonehill,9.486769009248163e-21
cat__suburb_Berea,9.299892365260183e-21
cat__suburb_Albertville,9.102310165966628e-21
num__rent_mean_suburb_bed,9.064311326805081e-21
num__parking_spaces_missing_flag,8.828906753547324e-21
num__rent_mean_city_type_bed,8.744438745751687e-21
num__rent_median_suburb_type_bed_missing_flag,8.417625200269402e-21
num__garage_missing_flag,8.398802245885973e-21
cat__suburb_Sharonlea,8.355038876944501e-21
cat__suburb_Dainfern Valley,8.256688940291085e-21
cat__suburb_Bram Fisherville,8.201396511789762e-21
num__price_per_land_sqm_win,8.178573679599855e-21
num__rates_taxes_clean,8.135045597588176e-21
cat__suburb_Douglasdale,8.052224598301089e-21
cat__suburb_Edenburg,8.047224751042991e-21
cat__suburb_Oakdene,7.905287910645447e-21
num__price_vs_suburb_median_rent_multiple,7.804702748159e-21
cat__city_North Riding To Lanseria,7.468948299344586e-21
num__rent_count_suburb_bed_missing_flag,7.122605938689494e-21
num__rent_vs_city_median_win,7.040373156726889e-21
num__bond_to_rent,6.980316167897262e-21
num__annual_rent,6.929788299724245e-21
num__bond_payment_to_income_win,6.889201304334976e-21
num__price_per_land_sqm_win_missing_flag,6.836497032061376e-21
cat__suburb_Bryanston,6.795086532417832e-21
num__non_debt_opex_to_rent,6.621915352090286e-21
cat__suburb_Sophiatown,6.620974204371114e-21
num__rent_count_suburb,6.428509495800554e-21
num__rent_vs_city_median,6.394157604050796e-21
num__vacancy_cost,6.319924577701148e-21
num__floor_to_land_ratio,6.317689351868116e-21
num__rent_dispersion_suburb_type_bed_missing_flag,6.2642792188051364e-21
cat__suburb_Nooitgedacht,6.2115749465315356e-21
cat__suburb_Naturena,6.1802817848690854e-21
cat__suburb_Sundowner,6.1776936286413635e-21
num__rent_per_sqm_win_missing_flag,6.0986372202309626e-21
num__levies,6.0887551691796624e-21
num__rent_mean_suburb,5.9579356362148314e-21
num__rent_vs_province_median,5.806646140358021e-21
num__opex_to_income,5.7416481260027436e-21
num__rent_median_suburb_bed,5.621004752751454e-21
num__bond_payment_to_income,5.560477190062241e-21
cat__suburb_Glenvista,5.43065762654903e-21
num__price_per_bathroom,5.3525423658578e-21
cat__suburb_Sandhurst,5.2880737470945554e-21
cat__suburb_Sandringham,5.1563130664105536e-21
num__total_rooms_proxy,5.13301966036106e-21
cat__suburb_Devland,5.046434070197287e-21
cat__suburb_Glen Austin,4.922437858196449e-21
num__price_vs_city_median_rent_multiple,4.6647986700732665e-21
cat__suburb_Boskruin,4.648740337114903e-21
num__bond_to_rent_win,4.491156915886135e-21
cat__rent_estimation_source_city_property_type_bedrooms,4.457275597995963e-21
num__parking_per_bedroom,4.369748860113018e-21
num__rent_median_city_type_bed,4.298927494245367e-21
num__deposit_amount,4.271398923459602e-21
cat__suburb_Sandton Central,4.144167516174113e-21
cat__suburb_Morningside Manor,4.129050330934921e-21
num__deposit_to_price,4.080875332059833e-21
cat__suburb_Magaliessig,3.888234158291928e-21
num__city_rent_median_feature,3.5688321510981184e-21
cat__suburb_Meadowlands,3.4848347171620674e-21
num__rent_count_city_type_bed_missing_flag,3.456364998657131e-21
num__rent_mean_city_type_bed_missing_flag,3.392602240683266e-21
cat__suburb_Beverley,3.2554299606140276e-21
num__purchase_price_rands,3.2502536481585846e-21
num__city_price_median,3.1622563364160546e-21
num__gross_income,3.0304956557320525e-21
num__rent_median_city_type_bed_missing_flag,3.0212606437376825e-21
num__rent_per_sqm_missing_flag,2.988614582228923e-21
num__rates_to_rent,2.9617918722325368e-21
num__rent_count_suburb_type_bed_missing_flag,2.8309723392677062e-21
cat__suburb_South Hills,2.778268066994105e-21
cat__suburb_Rosebank,2.661565749816846e-21
num__rent_vs_suburb_bed_median,2.657448228545471e-21
cat__suburb_Newtown,2.6488602556080314e-21
cat__suburb_Chartwell,2.4683363587244588e-21
cat__suburb_Carlswald,2.312164659074447e-21
cat__suburb_Kensington,1.901236036191215e-21
cat__suburb_Northgate,1.869589944134075e-21
cat__suburb_Crosby,1.7954451503830997e-21
cat__suburb_Windsor East,1.7571227916930876e-21
num__rent_vs_suburb_bed_median_missing_flag,1.588657349961399e-21
cat__suburb_Gallo Manor,1.4526615045411251e-21
cat__suburb_Orchards,1.4368384585125552e-21
cat__suburb_Halfway Gardens,1.344429516836409e-21
cat__suburb_Erand Gardens,1.2329035121145927e-21
num__gross_rent_to_price_win,1.2253743303612212e-21
cat__suburb_Linden,1.2253743303612212e-21
num__price_vs_suburb_price_median,1.1697289714652095e-21
cat__suburb_Fourways,8.922080377745296e-22
num__rent_median_suburb,7.610355744150096e-22
cat__suburb_Craighall,7.4585956744337e-22
num__rent_dispersion_suburb_type_bed,7.251543176215983e-22
cat__suburb_Suideroord,7.212132615475678e-22
cat__suburb_Windsor West,7.18801570517191e-22
num__rent_vs_suburb_median,6.1798112110095e-22
num__rent_per_sqm_win,5.516302068993631e-22
cat__suburb_Marshalltown,5.072786206334088e-22
num__suburb_rent_median_feature,4.451040494356452e-22
num__land_area_sqm_missing_flag,4.338690985380361e-22
num__opex_to_rent,2.584038706450098e-22
num__rent_dispersion_suburb,1.6987716331044578e-22
cat__suburb_Observatory,0.0
cat__suburb_Orange Grove,0.0
cat__suburb_Olivedale,0.0
cat__suburb_Norwood,0.0
cat__suburb_Melrose Estate,0.0
cat__suburb_Northwold,0.0
cat__suburb_Northcliff,0.0
cat__city_Midrand,0.0
cat__suburb_Noordhang,0.0
cat__province_Gauteng,0.0
cat__suburb_Naledi,0.0
cat__property_type_Nan,0.0
cat__rent_estimation_source_city,0.0
cat__suburb_Montgomery Park,0.0
cat__suburb_Moffat View,0.0
cat__suburb_Melville,0.0
cat__suburb_Melrose,0.0
cat__suburb_Newlands,0.0
cat__suburb_Steyn City,0.0
cat__city_Johannesburg Central,0.0
cat__suburb_Orlando,0.0
cat__suburb_Willaway,0.0
cat__suburb_Robindale,0.0
cat__suburb_Roosevelt Park,0.0
cat__suburb_Westdene,0.0
cat__suburb_Rosettenville,0.0
cat__suburb_Saddlebrook Estate,0.0
cat__suburb_Sagewood,0.0
cat__suburb_Westbury,0.0
cat__suburb_Savoy Estate,0.0
cat__suburb_Sol Plaatjie,0.0
cat__suburb_Wendywood,0.0
cat__suburb_Victory Park,0.0
cat__suburb_Sonneglans,0.0
cat__suburb_Tshepisong,0.0
cat__suburb_The Hill,0.0
cat__suburb_Sunninghill,0.0
cat__suburb_Summerset,0.0
cat__suburb_Robertsham,0.0
cat__suburb_Riverside View,0.0
cat__suburb_Winchester Hills,0.0
cat__suburb_Petervale,0.0
cat__suburb_Parkhurst,0.0
cat__city_Bedfordview,0.0
cat__suburb_Parktown,0.0
cat__suburb_Zakariyya Park,0.0
cat__suburb_Parktown North,0.0
cat__suburb_Parkwood,0.0
cat__suburb_Yeoville,0.0
cat__suburb_Woodmead,0.0
cat__suburb_River Club,0.0
cat__suburb_Pimville,0.0
cat__suburb_President Park,0.0
cat__suburb_Maroeladal,0.0
cat__suburb_Quellerina,0.0
cat__suburb_Randpark,0.0
cat__suburb_Regents Park,0.0
cat__suburb_Ridgeway,0.0
cat__suburb_Protea North,0.0
num__purchase_price,0.0
cat__suburb_Malanshof,0.0
num__rent_vs_suburb_median_win,0.0
num__cash_invested_to_price,0.0
num__transfer_costs_to_price,0.0
num__rent_source_score,0.0
num__rent_estimate_observation_count,0.0
num__rent_dispersion_city,0.0
num__price_vs_city_price_median,0.0
num__rent_vs_city_internal_median,0.0
num__floor_area_sqm_missing_flag,0.0
num__price_per_sqm_win,0.0
num__ltv_win,0.0
num__price_per_sqm_vs_local_median_win,0.0
num__price_vs_suburb_median_rent_multiple_missing_flag,0.0
num__vacancy_to_rent,0.0
num__rent_per_bedroom_missing_flag,0.0
num__annual_rent_per_sqm_missing_flag,0.0
num__price_per_sqm_win_missing_flag,0.0
cat__suburb_Alveda,0.0
cat__suburb_Aspen Hills,0.0
cat__suburb_Atholl,0.0
cat__suburb_Auckland Park,0.0
cat__suburb_Barbeque Downs,0.0
cat__suburb_Bassonia,0.0
cat__suburb_Bedfordview,0.0
cat__suburb_Bergbron,0.0
num__ltv,0.0
num__maintenance_to_rent,0.0
cat__suburb_Blairgowrie,0.0
num__total_cash_invested,0.0
num__rent_median_suburb_type_bed,0.0
num__rent_count_city_type_bed,0.0
num__rent_mean_city,0.0
num__rent_count_city,0.0
num__rent_median_province,0.0
num__rent_mean_province,0.0
num__rent_count_province,0.0
num__estimated_monthly_rent,0.0
num__deposit_pct,0.0
num__transfer_cost_rate,0.0
num__transfer_costs,0.0
num__annual_interest_rate,0.0
num__rent_vs_suburb_type_bed_median,0.0
num__loan_term_years,0.0
num__other_income,0.0
num__levies_clean,0.0
num__maintenance_rate,0.0
num__vacancy_rate,0.0
num__bedroom_density_floor,0.0
num__parking_total,0.0
num__is_large_land_property,0.0
num__price_per_land_sqm,0.0
num__price_per_bedroom,0.0
num__gross_rent_to_price,0.0
cat__suburb_Blackheath,0.0
cat__suburb_Bloubosrand,0.0
cat__suburb_Linmeyer,0.0
cat__suburb_Jukskei Park,0.0
cat__suburb_Greenside,0.0
cat__suburb_Halfway House,0.0
cat__suburb_Highlands North,0.0
cat__suburb_Houghton Estate,0.0
cat__suburb_Hurlingham,0.0
cat__suburb_Hurlingham Manor,0.0
cat__suburb_Hyde Park,0.0
cat__suburb_Illovo,0.0
cat__suburb_Jabulani,0.0
cat__suburb_Jackal Creek Northriding,0.0
cat__suburb_Jeppestown,0.0
cat__suburb_Kenilworth,0.0
cat__suburb_Glenferness Ah,0.0
cat__suburb_Khyber Rock,0.0
cat__suburb_Kibler Park,0.0
cat__suburb_Killarney,0.0
cat__suburb_Kyalami,0.0
cat__suburb_Kyalami Ah,0.0
cat__suburb_Kyalami Hills,0.0
cat__suburb_Lanseria And Surrounds,0.0
cat__suburb_Lenasia,0.0
cat__suburb_Liefde En Vrede,0.0
cat__suburb_Linbro Park,0.0
cat__suburb_Linksfield,0.0
cat__suburb_Grand Central,0.0
cat__suburb_Glenanda,0.0
cat__suburb_Bosmont,0.0
cat__suburb_Cosmo City,0.0
cat__suburb_Braamfontein,0.0
cat__suburb_Bramley Park,0.0
cat__suburb_Brixton,0.0
cat__suburb_Bromhof,0.0
cat__suburb_Bruma,0.0
cat__suburb_Buccleuch,0.0
cat__suburb_Carlswald North Estate,0.0
cat__suburb_Cedar Creek,0.0
cat__suburb_Cedar Lakes,0.0
cat__suburb_City And Suburban Maboneng,0.0
cat__suburb_Corlett Gardens,0.0
cat__suburb_Craigavon,0.0
cat__suburb_Florida Glen,0.0
cat__suburb_Crowthorne,0.0
cat__suburb_Dainfern,0.0
cat__suburb_Dobsonville,0.0
cat__suburb_Dunkeld,0.0
cat__suburb_Dunkeld West,0.0
cat__suburb_Ebony Park,0.0
cat__suburb_Elandspark,0.0
cat__suburb_Emmarentia,0.0
cat__suburb_Essexwold,0.0
cat__suburb_Eye Of Africa,0.0
cat__suburb_Fairland,0.0
cat__rent_estimation_source_suburb_property_type_bedrooms,0.0
